Workbook

Sheet LiCor Li200R
A1: Serial Number | B1: Calibration Constant (uA/(1000 Wm^-2)) | C1: Calibration Constant (A/(Wm^-2)) | D1: Ideal Resistor (Ohm) | E1: Ideal Max Voltage (V) | F1: Actual Resistor (Ohm) | G1: Actual Max Voltage (V)
A2: PY100375 | B2: 74.22 | C2: =B2*0.000000001 -> 7.422e-08 | D2: =($J$4-$J$5)/(C2*$J$3) -> 33683.643 | E2: =(C2*$J$3)*D2 -> 3 | G2: =(C2*$J$3)*F2 -> 0 | I2: Constants
A3: PY103189 | B3: 54.93 | C3: =B3*0.000000001 -> 5.493e-08 | D3: =($J$4-$J$5)/(C3*$J$3) -> 45512.47 | E3: =(C3*$J$3)*D3 -> 3 | G3: =(C3*$J$3)*F3 -> 0 | I3: Maximum Sunlight: | J3: 1200 | K3: W/m^2
A4: PY103193 | B4: 52.58 | C4: =B4*0.000000001 -> 5.258e-08 | D4: =($J$4-$J$5)/(C4*$J$3) -> 47546.596 | E4: =(C4*$J$3)*D4 -> 3 | G4: =(C4*$J$3)*F4 -> 0 | I4: Maximum Voltage: | J4: 3 | K4: V
A5: PY105646 | B5: 58.53 | C5: =B5*0.000000001 -> 5.853e-08 | D5: =($J$4-$J$5)/(C5*$J$3) -> 42713.139 | E5: =(C5*$J$3)*D5 -> 3 | G5: =(C5*$J$3)*F5 -> 0 | I5: Rail Offset: | J5: 0 | K5: V
A6: PY105648 | B6: 63.72 | C6: =B6*0.000000001 -> 6.372e-08 | D6: =($J$4-$J$5)/(C6*$J$3) -> 39234.149 | E6: =(C6*$J$3)*D6 -> 3 | G6: =(C6*$J$3)*F6 -> 0
A7: PY105650 | B7: 59.78 | C7: =B7*0.000000001 -> 5.978e-08 | D7: =($J$4-$J$5)/(C7*$J$3) -> 41820.007 | E7: =(C7*$J$3)*D7 -> 3 | G7: =(C7*$J$3)*F7 -> 0
A8: PY105678 | B8: 64.62 | C8: =B8*0.000000001 -> 6.462e-08 | D8: =($J$4-$J$5)/(C8*$J$3) -> 38687.713 | E8: =(C8*$J$3)*D8 -> 3 | G8: =(C8*$J$3)*F8 -> 0 | I8: Lookup LiCOR
A9: PY105686 | B9: 59.82 | C9: =B9*0.000000001 -> 5.982e-08 | D9: =($J$4-$J$5)/(C9*$J$3) -> 41792.043 | E9: =(C9*$J$3)*D9 -> 3 | G9: =(C9*$J$3)*F9 -> 0 | I9: Serial Number: | J9: PY103194
A10: PY105862 | B10: 59.41 | C10: =B10*0.000000001 -> 5.941e-08 | D10: =($J$4-$J$5)/(C10*$J$3) -> 42080.458 | E10: =(C10*$J$3)*D10 -> 3 | G10: =(C10*$J$3)*F10 -> 0 | I10: Calibration Constant: | J10: =VLOOKUP(J9,'LiCor Li200R'!$A$2:$G$37,3,FALSE) -> 5.78e-08 | K10: A/(Wm^-2)
A11: PY105863 | B11: 62.62 | C11: =B11*0.000000001 -> 6.262e-08 | D11: =($J$4-$J$5)/(C11*$J$3) -> 39923.347 | E11: =(C11*$J$3)*D11 -> 3 | G11: =(C11*$J$3)*F11 -> 0 | I11: Actual Resistor: | J11: =VLOOKUP(J9,'LiCor Li200R'!$A$2:$G$37,6,FALSE) -> 0 | K11: Ohm
A12: PY105990 | B12: 63.61 | C12: =B12*0.000000001 -> 6.361e-08 | D12: =($J$4-$J$5)/(C12*$J$3) -> 39301.997 | E12: =(C12*$J$3)*D12 -> 3 | G12: =(C12*$J$3)*F12 -> 0
A13: PY75566 | B13: 102.25 | C13: =B13*0.000000001 -> 1.0225e-07 | D13: =($J$4-$J$5)/(C13*$J$3) -> 24449.878 | E13: =(C13*$J$3)*D13 -> 3 | G13: =(C13*$J$3)*F13 -> 0
A14: PY80039 | B14: 93.71 | C14: =B14*0.000000001 -> 9.371e-08 | D14: =($J$4-$J$5)/(C14*$J$3) -> 26678.049 | E14: =(C14*$J$3)*D14 -> 3 | G14: =(C14*$J$3)*F14 -> 0
A15: PY80040 | B15: 99.26 | C15: =B15*0.000000001 -> 9.926e-08 | D15: =($J$4-$J$5)/(C15*$J$3) -> 25186.379 | E15: =(C15*$J$3)*D15 -> 3 | G15: =(C15*$J$3)*F15 -> 0
A16: PY80041 | B16: 102.44 | C16: =B16*0.000000001 -> 1.0244e-07 | D16: =($J$4-$J$5)/(C16*$J$3) -> 24404.529 | E16: =(C16*$J$3)*D16 -> 3 | G16: =(C16*$J$3)*F16 -> 0
A17: PY80042 | B17: 86.06 | C17: =B17*0.000000001 -> 8.606e-08 | D17: =($J$4-$J$5)/(C17*$J$3) -> 29049.5 | E17: =(C17*$J$3)*D17 -> 3 | G17: =(C17*$J$3)*F17 -> 0
A18: PY80043 | B18: 92.54 | C18: =B18*0.000000001 -> 9.254e-08 | D18: =($J$4-$J$5)/(C18*$J$3) -> 27015.345 | E18: =(C18*$J$3)*D18 -> 3 | G18: =(C18*$J$3)*F18 -> 0
A19: PY80044 | B19: 87.99 | C19: =B19*0.000000001 -> 8.799e-08 | D19: =($J$4-$J$5)/(C19*$J$3) -> 28412.32 | E19: =(C19*$J$3)*D19 -> 3 | G19: =(C19*$J$3)*F19 -> 0
A20: PY80045 | B20: 93.4 | C20: =B20*0.000000001 -> 9.34e-08 | D20: =($J$4-$J$5)/(C20*$J$3) -> 26766.595 | E20: =(C20*$J$3)*D20 -> 3 | G20: =(C20*$J$3)*F20 -> 0
A21: PY80046 | B21: 90.07 | C21: =B21*0.000000001 -> 9.007e-08 | D21: =($J$4-$J$5)/(C21*$J$3) -> 27756.19 | E21: =(C21*$J$3)*D21 -> 3 | G21: =(C21*$J$3)*F21 -> 0
A22: PY103194 | B22: 57.8 | C22: =B22*0.000000001 -> 5.78e-08 | D22: =($J$4-$J$5)/(C22*$J$3) -> 43252.595 | E22: =(C22*$J$3)*D22 -> 3
A23: PY105862 | B23: 59.41 | C23: =B23*0.000000001 -> 5.941e-08 | D23: =($J$4-$J$5)/(C23*$J$3) -> 42080.458 | E23: =(C23*$J$3)*D23 -> 3
A24: PY105650 | B24: 59.78 | C24: =B24*0.000000001 -> 5.978e-08 | D24: =($J$4-$J$5)/(C24*$J$3) -> 41820.007 | E24: =(C24*$J$3)*D24 -> 3
A25: PY105863 | B25: 62.62 | C25: =B25*0.000000001 -> 6.262e-08 | D25: =($J$4-$J$5)/(C25*$J$3) -> 39923.347 | E25: =(C25*$J$3)*D25 -> 3
A26: PY103193 | B26: 52.58 | C26: =B26*0.000000001 -> 5.258e-08 | D26: =($J$4-$J$5)/(C26*$J$3) -> 47546.596 | E26: =(C26*$J$3)*D26 -> 3
A27: PY105646 | B27: 58.53 | C27: =B27*0.000000001 -> 5.853e-08 | D27: =($J$4-$J$5)/(C27*$J$3) -> 42713.139 | E27: =(C27*$J$3)*D27 -> 3
A28: PY75566 | B28: 102.25 | C28: =B28*0.000000001 -> 1.0225e-07 | D28: =($J$4-$J$5)/(C28*$J$3) -> 24449.878 | E28: =(C28*$J$3)*D28 -> 3
A29: PY100375 | B29: 74.22 | C29: =B29*0.000000001 -> 7.422e-08 | D29: =($J$4-$J$5)/(C29*$J$3) -> 33683.643 | E29: =(C29*$J$3)*D29 -> 3
A30: PY80043 | B30: 92.54 | C30: =B30*0.000000001 -> 9.254e-08 | D30: =($J$4-$J$5)/(C30*$J$3) -> 27015.345 | E30: =(C30*$J$3)*D30 -> 3
A31: PY80046 | B31: 90.07 | C31: =B31*0.000000001 -> 9.007e-08 | D31: =($J$4-$J$5)/(C31*$J$3) -> 27756.19 | E31: =(C31*$J$3)*D31 -> 3
A32: PY80042 | B32: 86.06 | C32: =B32*0.000000001 -> 8.606e-08 | D32: =($J$4-$J$5)/(C32*$J$3) -> 29049.5 | E32: =(C32*$J$3)*D32 -> 3
A33: PY80045 | B33: 93.4 | C33: =B33*0.000000001 -> 9.34e-08 | D33: =($J$4-$J$5)/(C33*$J$3) -> 26766.595 | E33: =(C33*$J$3)*D33 -> 3
... A42: PY105695 | B42: 60.34 | C42: =B42*0.000000001 -> 6.034e-08 | D42: =($J$4-$J$5)/(C42*$J$3) -> 41431.886 | E42: =(C42*$J$3)*D42 -> 3

Sheet FRAMEworks LEMS
A1: LEMS ID | B1: LiCor Serial Number | C1: Calibration Constant (A/(Wm^-2)) | D1: Actual Resistor (Ohm)
A2: example | B2: PY100375 | C2: =VLOOKUP(B2,'LiCor Li200R'!$A$2:$G$37,3,FALSE) -> 7.422e-08 | D2: =VLOOKUP(B2,'LiCor Li200R'!$A$2:$G$37,6,FALSE) -> 0
C3: =VLOOKUP(B3,'LiCor Li200R'!$A$2:$C$37,2,FALSE) -> #N/A | D3: =VLOOKUP(B3,'LiCor Li200R'!$A$2:$F$37,5,FALSE) -> #N/A
C4: =VLOOKUP(B4,'LiCor Li200R'!$A$2:$C$37,2,FALSE) -> #N/A | D4: =VLOOKUP(B4,'LiCor Li200R'!$A$2:$F$37,5,FALSE) -> #N/A
C5: =VLOOKUP(B5,'LiCor Li200R'!$A$2:$C$37,2,FALSE) -> #N/A | D5: =VLOOKUP(B5,'LiCor Li200R'!$A$2:$F$37,5,FALSE) -> #N/A
C6: =VLOOKUP(B6,'LiCor Li200R'!$A$2:$C$37,2,FALSE) -> #N/A | D6: =VLOOKUP(B6,'LiCor Li200R'!$A$2:$F$37,5,FALSE) -> #N/A
C7: =VLOOKUP(B7,'LiCor Li200R'!$A$2:$C$37,2,FALSE) -> #N/A | D7: =VLOOKUP(B7,'LiCor Li200R'!$A$2:$F$37,5,FALSE) -> #N/A
C8: =VLOOKUP(B8,'LiCor Li200R'!$A$2:$C$37,2,FALSE) -> #N/A | D8: =VLOOKUP(B8,'LiCor Li200R'!$A$2:$F$37,5,FALSE) -> #N/A
C9: =VLOOKUP(B9,'LiCor Li200R'!$A$2:$C$37,2,FALSE) -> #N/A | D9: =VLOOKUP(B9,'LiCor Li200R'!$A$2:$F$37,5,FALSE) -> #N/A
C10: =VLOOKUP(B10,'LiCor Li200R'!$A$2:$C$37,2,FALSE) -> #N/A | D10: =VLOOKUP(B10,'LiCor Li200R'!$A$2:$F$37,5,FALSE) -> #N/A
C11: =VLOOKUP(B11,'LiCor Li200R'!$A$2:$C$37,2,FALSE) -> #N/A | D11: =VLOOKUP(B11,'LiCor Li200R'!$A$2:$F$37,5,FALSE) -> #N/A
C12: =VLOOKUP(B12,'LiCor Li200R'!$A$2:$C$37,2,FALSE) -> #N/A | D12: =VLOOKUP(B12,'LiCor Li200R'!$A$2:$F$37,5,FALSE) -> #N/A
C13: =VLOOKUP(B13,'LiCor Li200R'!$A$2:$C$37,2,FALSE) -> #N/A | D13: =VLOOKUP(B13,'LiCor Li200R'!$A$2:$F$37,5,FALSE) -> #N/A
C14: =VLOOKUP(B14,'LiCor Li200R'!$A$2:$C$37,2,FALSE) -> #N/A | D14: =VLOOKUP(B14,'LiCor Li200R'!$A$2:$F$37,5,FALSE) -> #N/A
... C37: =VLOOKUP(B37,'LiCor Li200R'!$A$2:$C$37,2,FALSE) -> #N/A | D37: =VLOOKUP(B37,'LiCor Li200R'!$A$2:$F$37,5,FALSE) -> #N/A

Sheet Digikey - Resistors
A1: Actual Resistor (Ohm) | B1: Mfr. #: | C1: Unit Price | D1: Units | E1: Cost | F1: Units to order | G1: Unit Price | H1: Cost | I1: Link
A2: 37000 | B2: MFP50SBRD52-37K | C2: 0.63 | D2: 2 | E2: =C2*D2 -> 1.26 | F2: 3 | H2: =F2*G2 -> 0 | I2: https://www.digikey.com/en/products/detail/yageo/MFP50SBRD52-37K/9128048
A3: 38300 | B3: YR1B38K3CC | C3: 1.01 | D3: 6 | E3: =C3*D3 -> 6.06 | F3: 10 | H3: =F3*G3 -> 0 | I3: https://www.digikey.com/en/products/detail/te-connectivity-passive-product/YR1B38K3CC/2390845
A4: 39200 | B4: YR1B39K2CC | C4: 1.01 | D4: 10 | E4: =C4*D4 -> 10.1 | F4: 11 | H4: =F4*G4 -> 0 | I4: https://www.digikey.com/en/products/detail/te-connectivity-passive-product/YR1B39K2CC/2390848
A5: 40200 | B5: YR1B40K2CC | C5: 1.01 | D5: 11 | E5: =C5*D5 -> 11.11 | F5: 12 | H5: =F5*G5 -> 0 | I5: https://www.digikey.com/en/products/detail/te-connectivity-passive-product/YR1B40K2CC/2390860
A6: 41200 | B6: YR1B41K2CC | C6: 0.82 | D6: 7 | E6: =C6*D6 -> 5.74 | F6: 10 | H6: =F6*G6 -> 0 | I6: https://www.digikey.com/en/products/detail/te-connectivity-passive-product/YR1B41K2CC/2390862
A9: TOTAL | D9: =SUM(D2:D6) -> 36 | E9: =SUM(E2:E7) -> 34.27 | F9: =SUM(F2:F7) -> 46 | H9: =SUM(H2:H6) -> 0
F17: 37000 | G17: x
F18: 38300 | G18: x
F19: 39200 | G19: x
F20: 40200
F21: 41200 | G21: x
